{
    "rmse": 0.6970404378666677,
    "mae": 0.5548611937664137,
    "r2": 0.3119942338467937
}