{
    "rmse": 0.7010829015994158,
    "mae": 0.555027389919325,
    "r2": 0.20038680250928842
}